{
  "coords": {
    "x": -4.21875,
    "y": 19.09375,
    "z": 9.8125
  },
  "id64": 5581410702034,
  "mainstar": "G",
  "name": "37 Xi Bootis"
}
