{
  "coords": {
    "x": 3.03125,
    "y": -0.09375,
    "z": 3.15625
  },
  "id64": 1178708478315,
  "mainstar": "G",
  "name": "Alpha Centauri"
}
