{
  "coords": {
    "x": 17.71875,
    "y": 16.84375,
    "z": -7.8125
  },
  "id64": 7268292765089,
  "mainstar": "M",
  "name": "AN Sextantis"
}
