{
  "coords": {
    "x": 25.15625,
    "y": -3.34375,
    "z": 40.53125
  },
  "id64": 1183431267034,
  "mainstar": "K (Yellow-Orange) Star",
  "name": "Argyre"
}
