{
  "coords": {
    "x": 36.84375,
    "y": -40.53125,
    "z": 1.9375
  },
  "id64": 5371393231696,
  "mainstar": "T (Brown dwarf) Star",
  "name": "Arynaman"
}
