{
  "coords": {
    "x": -16.28125,
    "y": -25.65625,
    "z": 15.59375
  },
  "id64": 40549323000672,
  "mainstar": "L (Brown dwarf) Star",
  "name": "Awindjibata"
}
