{
  "coords": {
    "x": 26.9375,
    "y": -33.59375,
    "z": 31.28125
  },
  "id64": 4756844024538,
  "mainstar": "M (Red dwarf) Star",
  "name": "AY Indi"
}
