{
  "coords": {
    "x": -1.6875,
    "y": 29.65625,
    "z": 2.03125
  },
  "id64": 903830571371,
  "mainstar": "G",
  "name": "Beta Comae Berenices"
}
