{
  "coords": {
    "x": -11.3125,
    "y": -1.03125,
    "z": 15.34375
  },
  "id64": 5198797867371,
  "mainstar": "K",
  "name": "Bhritzameno"
}
