{
  "coords": {
    "x": -10.625,
    "y": -16.34375,
    "z": -0.90625
  },
  "id64": 16063848785321,
  "mainstar": "M",
  "name": "BR Piscium"
}
