{
  "coords": {
    "x": 12.59375,
    "y": 24.34375,
    "z": 2.84375
  },
  "id64": 11666070840745,
  "mainstar": "M",
  "name": "Bugas"
}
