{
  "coords": {
    "x": 13.15625,
    "y": -36.28125,
    "z": 37.125
  },
  "id64": 40552544095088,
  "mainstar": "T (Brown dwarf) Star",
  "name": "Caceras"
}
