{
  "coords": {
    "x": 36.59375,
    "y": -21.375,
    "z": -0.78125
  },
  "id64": 358797546194,
  "mainstar": "K (Yellow-Orange) Star",
  "name": "Cet"
}
