{
  "coords": {
    "x": 19.96875,
    "y": -17.46875,
    "z": 38.28125
  },
  "id64": 4481966150362,
  "mainstar": "K (Yellow-Orange) Star",
  "name": "Circeo"
}
