{
  "coords": {
    "x": 38.46875,
    "y": -39.65625,
    "z": 0.5625
  },
  "id64": 22963579276112,
  "mainstar": "L (Brown dwarf) Star",
  "name": "Col 285 Sector GS-U a32-1"
}
