{
  "coords": {
    "x": 35.0625,
    "y": -36.15625,
    "z": 27.84375
  },
  "id64": 22963579276136,
  "mainstar": "L",
  "name": "Col 285 Sector SK-P a35-1"
}
