{
  "coords": {
    "x": 34.46875,
    "y": -43.1875,
    "z": 19.65625
  },
  "id64": 40554691578720,
  "mainstar": "T (Brown dwarf) Star",
  "name": "Col 285 Sector NE-R a34-2"
}
