{
  "coords": {
    "x": 29.96875,
    "y": -47.28125,
    "z": 10.28125
  },
  "id64": 7268292502953,
  "mainstar": "M (Red dwarf) Star",
  "name": "Col 285 Sector SJ-W b16-3"
}
