{
  "coords": {
    "x": 37.6875,
    "y": -41.71875,
    "z": 19.28125
  },
  "id64": 22963579276128,
  "mainstar": "L (Brown dwarf) Star",
  "name": "Col 285 Sector OE-R a34-1"
}
