{
  "coords": {
    "x": 46.03125,
    "y": -34.84375,
    "z": 6.96875
  },
  "id64": 5372467104600,
  "mainstar": "M (Red dwarf) Star",
  "name": "Col 285 Sector JD-T a33-0"
}
