{
  "coords": {
    "x": 31.96875,
    "y": -41.09375,
    "z": 26.25
  },
  "id64": 5370319489896,
  "mainstar": "L (Brown dwarf) Star",
  "name": "Col 285 Sector RK-P a35-0"
}
