{
  "coords": {
    "x": 35.15625,
    "y": -40.15625,
    "z": 21.21875
  },
  "id64": 5371393231712,
  "mainstar": "L (Brown dwarf) Star",
  "name": "Col 285 Sector OE-R a34-0"
}
