{
  "coords": {
    "x": -3.21875,
    "y": -34.3125,
    "z": 28.34375
  },
  "id64": 22959284439912,
  "mainstar": "Y (Brown dwarf) Star",
  "name": "Core Sys Sector HH-M a7-1"
}
