{
  "coords": {
    "x": -16.4375,
    "y": -27.84375,
    "z": 1.03125
  },
  "id64": 5364950911824,
  "mainstar": "T (Brown dwarf) Star",
  "name": "Core Sys Sector TO-R a4-0"
}
