{
  "coords": {
    "x": -12.59375,
    "y": -32.84375,
    "z": 7.28125
  },
  "id64": 5366024653656,
  "mainstar": "L (Brown dwarf) Star",
  "name": "Core Sys Sector YU-P a5-0"
}
