{
  "coords": {
    "x": 8.53125,
    "y": -34.0625,
    "z": -12.40625
  },
  "id64": 5368172137288,
  "mainstar": "Y (Brown dwarf) Star",
  "name": "Core Sys Sector SI-T a3-0"
}
