{
  "coords": {
    "x": 37.09375,
    "y": 2.3125,
    "z": 28.40625
  },
  "id64": 7268561135025,
  "mainstar": "M",
  "name": "Core Sys Sector PN-T b3-3"
}
