{
  "coords": {
    "x": -4.09375,
    "y": -34.84375,
    "z": 19.875
  },
  "id64": 22959284439904,
  "mainstar": "L (Brown dwarf) Star",
  "name": "Core Sys Sector DB-O a6-1"
}
