{
  "coords": {
    "x": -4.71875,
    "y": -40.15625,
    "z": 15.4375
  },
  "id64": 40551470353248,
  "mainstar": "Y (Brown dwarf) Star",
  "name": "Core Sys Sector FW-N a6-2"
}
