{
  "coords": {
    "x": 6.78125,
    "y": -40.71875,
    "z": 25.0625
  },
  "id64": 75736916183912,
  "mainstar": "T (Brown dwarf) Star",
  "name": "Core Sys Sector KC-M a7-4"
}
