{
  "coords": {
    "x": -4.34375,
    "y": -42.78125,
    "z": 17.75
  },
  "id64": 5367098264416,
  "mainstar": "L (Brown dwarf) Star",
  "name": "Core Sys Sector FW-N a6-0"
}
