{
  "coords": {
    "x": -0.15625,
    "y": -29.15625,
    "z": 27.28125
  },
  "id64": 40551470484328,
  "mainstar": "T (Brown dwarf) Star",
  "name": "Core Sys Sector HH-M a7-2"
}
