{
  "coords": {
    "x": -2.96875,
    "y": -38.78125,
    "z": 17.40625
  },
  "id64": 58143656397664,
  "mainstar": "T Tauri Star",
  "name": "Core Sys Sector FW-N a6-3"
}
