{
  "coords": {
    "x": 9.90625,
    "y": -37.96875,
    "z": 27.3125
  },
  "id64": 40552544095080,
  "mainstar": "Y (Brown dwarf) Star",
  "name": "Core Sys Sector KC-M a7-2"
}
