{
  "coords": {
    "x": 10.28125,
    "y": -42.59375,
    "z": 23.5
  },
  "id64": 22960358050656,
  "mainstar": "T (Brown dwarf) Star",
  "name": "Core Sys Sector GW-N a6-1"
}
