{
  "coords": {
    "x": 1.53125,
    "y": -40.71875,
    "z": 10.875
  },
  "id64": 22959284308824,
  "mainstar": "T (Brown dwarf) Star",
  "name": "Core Sys Sector BQ-P a5-1"
}
