{
  "coords": {
    "x": -11.75,
    "y": -30.59375,
    "z": 0.15625
  },
  "id64": 22958210698064,
  "mainstar": "L (Brown dwarf) Star",
  "name": "Core Sys Sector UO-R a4-1"
}
