{
  "coords": {
    "x": -7.21875,
    "y": -33.96875,
    "z": 28.59375
  },
  "id64": 5366024653672,
  "mainstar": "Y (Brown dwarf) Star",
  "name": "Core Sys Sector GH-M a7-0"
}
