{
  "coords": {
    "x": -10.0,
    "y": -30.53125,
    "z": 22.28125
  },
  "id64": 40550396742496,
  "mainstar": "Y (Brown dwarf) Star",
  "name": "Core Sys Sector CB-O a6-2"
}
