{
  "coords": {
    "x": -14.90625,
    "y": -25.40625,
    "z": 6.96875
  },
  "id64": 58142582786904,
  "mainstar": "Y (Brown dwarf) Star",
  "name": "Core Sys Sector YU-P a5-3"
}
