{
  "coords": {
    "x": -13.21875,
    "y": -34.25,
    "z": 15.53125
  },
  "id64": 5366024653664,
  "mainstar": "L (Brown dwarf) Star",
  "name": "Core Sys Sector CB-O a6-0"
}
