{
  "coords": {
    "x": 3.125,
    "y": -42.84375,
    "z": 8.09375
  },
  "id64": 58143656397656,
  "mainstar": "Y (Brown dwarf) Star",
  "name": "Core Sys Sector BQ-P a5-3"
}
