{
  "coords": {
    "x": 9.15625,
    "y": -38.375,
    "z": 26.15625
  },
  "id64": 58144730139496,
  "mainstar": "Y (Brown dwarf) Star",
  "name": "Core Sys Sector KC-M a7-3"
}
