{
  "coords": {
    "x": 0.09375,
    "y": -41.03125,
    "z": 22.9375
  },
  "id64": 22959284308832,
  "mainstar": "L (Brown dwarf) Star",
  "name": "Core Sys Sector FW-N a6-1"
}
