{
  "coords": {
    "x": 40.59375,
    "y": -29.53125,
    "z": 29.21875
  },
  "id64": 5371393362792,
  "mainstar": "L (Brown dwarf) Star",
  "name": "Crucis Sector SO-R a4-0"
}
