{
  "coords": {
    "x": 39.21875,
    "y": -27.84375,
    "z": 30.625
  },
  "id64": 22963579407208,
  "mainstar": "T (Brown dwarf) Star",
  "name": "Crucis Sector SO-R a4-1"
}
