{
  "coords": {
    "x": 40.09375,
    "y": -31.71875,
    "z": 20.625
  },
  "id64": 22963579407200,
  "mainstar": "Y",
  "name": "Crucis Sector OI-T a3-1"
}
