{
  "coords": {
    "x": 42.9375,
    "y": -27.71875,
    "z": 22.40625
  },
  "id64": 40555765451616,
  "mainstar": "Y (Brown dwarf) Star",
  "name": "Crucis Sector OI-T a3-2"
}
