{
  "coords": {
    "x": 1.65625,
    "y": -12.65625,
    "z": 41.4375
  },
  "id64": 5069000943033,
  "mainstar": "M (Red dwarf) Star",
  "name": "Diyu"
}
