{
  "coords": {
    "x": 27.1875,
    "y": -43.96875,
    "z": -12.21875
  },
  "id64": 5370319489864,
  "mainstar": "T Tauri Star",
  "name": "Edin"
}
