{
  "coords": {
    "x": 38.59375,
    "y": -33.625,
    "z": 18.21875
  },
  "id64": 5371393362784,
  "mainstar": "L",
  "name": "Ehi"
}
