{
  "coords": {
    "x": 40.6875,
    "y": -26.59375,
    "z": 3.71875
  },
  "id64": 6680989373138,
  "mainstar": "K (Yellow-Orange) Star",
  "name": "Ennead"
}
