{
  "coords": {
    "x": -18.34375,
    "y": 14.25,
    "z": 7.09375
  },
  "id64": 2869709317545,
  "mainstar": "M",
  "name": "G 203-47"
}
