{
  "coords": {
    "x": -15.875,
    "y": 12.03125,
    "z": 5.34375
  },
  "id64": 7267755828649,
  "mainstar": "K",
  "name": "G 203-51"
}
