{
  "coords": {
    "x": 10.28125,
    "y": 4.59375,
    "z": -16.6875
  },
  "id64": 20462163797409,
  "mainstar": "M",
  "name": "G 89-32"
}
