{
  "coords": {
    "x": 7.15625,
    "y": -3.09375,
    "z": -15.6875
  },
  "id64": 18263140541857,
  "mainstar": "M",
  "name": "G 99-49"
}
