{
  "coords": {
    "x": 2.9375,
    "y": 8.59375,
    "z": -19.53125
  },
  "id64": 4305444669803,
  "mainstar": "F",
  "name": "Gommat"
}
