{
  "coords": {
    "x": 37.1875,
    "y": -34.71875,
    "z": 25.84375
  },
  "id64": 633675420378,
  "mainstar": "G (White-Yellow) Star",
  "name": "Hors"
}
