{
  "coords": {
    "x": 29.40625,
    "y": -43.90625,
    "z": -6.40625
  },
  "id64": 22962505534280,
  "mainstar": "T (Brown dwarf) Star",
  "name": "Hyades Sector PL-H a25-1"
}
