{
  "coords": {
    "x": -2.03125,
    "y": -32.1875,
    "z": -11.28125
  },
  "id64": 22959284439880,
  "mainstar": "T (Brown dwarf) Star",
  "name": "Jastreb Sector IH-M a7-1"
}
