{
  "coords": {
    "x": 24.0,
    "y": -4.09375,
    "z": 38.15625
  },
  "id64": 1458309173978,
  "mainstar": "K (Yellow-Orange) Star",
  "name": "Jiuyou"
}
