{
  "coords": {
    "x": 9.75,
    "y": -7.46875,
    "z": -3.46875
  },
  "id64": 5069000943017,
  "mainstar": "M",
  "name": "Kapteyn's Star"
}
