{
  "coords": {
    "x": 33.84375,
    "y": 6.25,
    "z": 29.21875
  },
  "id64": 5069269444017,
  "mainstar": "M (Red dwarf) Star",
  "name": "L 258-146"
}
