{
  "coords": {
    "x": 4.65625,
    "y": -37.03125,
    "z": 29.78125
  },
  "id64": 5069000877489,
  "mainstar": "M (Red dwarf) Star",
  "name": "L 355-62"
}
