{
  "coords": {
    "x": 17.375,
    "y": -39.53125,
    "z": 34.09375
  },
  "id64": 22961431792488,
  "mainstar": "Y (Brown dwarf) Star",
  "name": "Lai"
}
