{
  "coords": {
    "x": -3.84375,
    "y": 14.0,
    "z": -14.40625
  },
  "id64": 4207021134546,
  "mainstar": "K",
  "name": "Lalande 18115"
}
