{
  "coords": {
    "x": 5.84375,
    "y": 24.0,
    "z": 10.03125
  },
  "id64": 3068494088555,
  "mainstar": "D",
  "name": "LAWD 49"
}
