{
  "coords": {
    "x": 0.65625,
    "y": -42.34375,
    "z": 9.46875
  },
  "id64": 4207021101778,
  "mainstar": "White Dwarf (DC) Star",
  "name": "LFT 1"
}
