{
  "coords": {
    "x": 2.84375,
    "y": -34.65625,
    "z": -9.03125
  },
  "id64": 1183364125394,
  "mainstar": "M (Red dwarf) Star",
  "name": "LFT 168"
}
