{
  "coords": {
    "x": 32.65625,
    "y": -16.03125,
    "z": 36.84375
  },
  "id64": 671222867385,
  "mainstar": "M (Red dwarf) Star",
  "name": "LFT 1300"
}
