{
  "coords": {
    "x": 10.5,
    "y": -38.71875,
    "z": -8.15625
  },
  "id64": 2869977621921,
  "mainstar": "M (Red dwarf) Star",
  "name": "LFT 193"
}
