{
  "coords": {
    "x": -3.28125,
    "y": -32.1875,
    "z": -4.28125
  },
  "id64": 11666070644137,
  "mainstar": "M (Red dwarf) Star",
  "name": "LHS 134"
}
