{
  "coords": {
    "x": -13.09375,
    "y": -27.03125,
    "z": 16.0625
  },
  "id64": 11665802208689,
  "mainstar": "M (Red dwarf) Star",
  "name": "LHS 3776"
}
