{
  "coords": {
    "x": 7.90625,
    "y": 9.21875,
    "z": 16.1875
  },
  "id64": 22661187052977,
  "mainstar": "M",
  "name": "LHS 3003"
}
