{
  "coords": {
    "x": -20.03125,
    "y": -1.15625,
    "z": -7.40625
  },
  "id64": 6406044390098,
  "mainstar": "K",
  "name": "LHS 71"
}
