{
  "coords": {
    "x": 1.375,
    "y": -28.03125,
    "z": -10.15625
  },
  "id64": 5069000877473,
  "mainstar": "M (Red dwarf) Star",
  "name": "LHS 149"
}
