{
  "coords": {
    "x": -11.0,
    "y": 10.78125,
    "z": -8.21875
  },
  "id64": 5068732573089,
  "mainstar": "M (Red dwarf) Star",
  "name": "LHS 2459"
}
