{
  "coords": {
    "x": 34.28125,
    "y": -45.65625,
    "z": 11.5
  },
  "id64": 2870245991849,
  "mainstar": "M (Red dwarf) Star",
  "name": "LHS 1351"
}
