{
  "coords": {
    "x": 34.375,
    "y": -24.15625,
    "z": 30.21875
  },
  "id64": 5069269378481,
  "mainstar": "M (Red dwarf) Star",
  "name": "LHS 475"
}
