{
  "coords": {
    "x": -7.40625,
    "y": 12.1875,
    "z": 27.78125
  },
  "id64": 31457011639729,
  "mainstar": "M",
  "name": "LHS 3255"
}
