{
  "coords": {
    "x": -11.96875,
    "y": -20.25,
    "z": 1.40625
  },
  "id64": 31457011574185,
  "mainstar": "M",
  "name": "LHS 546"
}
