{
  "coords": {
    "x": -22.3125,
    "y": 4.40625,
    "z": -3.53125
  },
  "id64": 20461895361961,
  "mainstar": "M",
  "name": "LHS 3595"
}
