{
  "coords": {
    "x": -23.03125,
    "y": 9.03125,
    "z": 8.96875
  },
  "id64": 5364951436120,
  "mainstar": "M",
  "name": "LP 229-17"
}
