{
  "coords": {
    "x": -20.90625,
    "y": 11.09375,
    "z": -2.21875
  },
  "id64": 27058965128617,
  "mainstar": "M",
  "name": "LP 71-165"
}
