{
  "coords": {
    "x": 38.71875,
    "y": -35.53125,
    "z": 9.84375
  },
  "id64": 671491237289,
  "mainstar": "M (Red dwarf) Star",
  "name": "LP 91-140"
}
