{
  "coords": {
    "x": -5.59375,
    "y": -20.96875,
    "z": 27.3125
  },
  "id64": 2869709252017,
  "mainstar": "M (Red dwarf) Star",
  "name": "LTT 8181"
}
