{
  "coords": {
    "x": 22.21875,
    "y": -48.15625,
    "z": 10.21875
  },
  "id64": 671222736297,
  "mainstar": "M (Red dwarf) Star",
  "name": "LTT 692"
}
