{
  "coords": {
    "x": -7.09375,
    "y": 2.25,
    "z": -19.96875
  },
  "id64": 4442883623275,
  "mainstar": "K",
  "name": "Lushertha"
}
