{
  "coords": {
    "x": 19.84375,
    "y": -17.5625,
    "z": 41.09375
  },
  "id64": 4477260138859,
  "mainstar": "F (White) Star",
  "name": "Mekretu"
}
