{
  "coords": {
    "x": -14.625,
    "y": 10.34375,
    "z": 13.15625
  },
  "id64": 9466779084201,
  "mainstar": "M",
  "name": "Midgcut"
}
