{
  "coords": {
    "x": 19.40625,
    "y": -9.96875,
    "z": 39.46875
  },
  "id64": 4511619877227,
  "mainstar": "F (White) Star",
  "name": "Nemehi"
}
