{
  "coords": {
    "x": -13.375,
    "y": -21.65625,
    "z": 6.59375
  },
  "id64": 8055311831762,
  "mainstar": "White Dwarf (D) Star",
  "name": "NLTT 55164"
}
