{
  "coords": {
    "x": 15.09375,
    "y": -46.65625,
    "z": 5.09375
  },
  "id64": 182292826475,
  "mainstar": "F (White) Star",
  "name": "Nu Phoenicis"
}
