{
  "coords": {
    "x": 31.84375,
    "y": -29.28125,
    "z": 28.96875
  },
  "id64": 58146877754216,
  "mainstar": "Y (Brown dwarf) Star",
  "name": "Pladset"
}
