{
  "coords": {
    "x": -4.40625,
    "y": -17.15625,
    "z": -15.34375
  },
  "id64": 3382387413714,
  "mainstar": "K",
  "name": "PSPF-LF 2"
}
