{
  "coords": {
    "x": 34.15625,
    "y": -34.71875,
    "z": -4.5
  },
  "id64": 7268292568489,
  "mainstar": "M (Red dwarf) Star",
  "name": "Ptah"
}
