{
  "coords": {
    "x": 20.53125,
    "y": -25.8125,
    "z": -13.34375
  },
  "id64": 5369245879112,
  "mainstar": "Y (Brown dwarf) Star",
  "name": "Puppis Sector BW-N a6-0"
}
