{
  "coords": {
    "x": 25.71875,
    "y": -50.15625,
    "z": 7.4375
  },
  "id64": 251012303211,
  "mainstar": "F (White) Star",
  "name": "q1 Eridani"
}
