{
  "coords": {
    "x": 6.3125,
    "y": -34.40625,
    "z": 32.59375
  },
  "id64": 22960358181736,
  "mainstar": "L",
  "name": "Quapa"
}
