{
  "coords": {
    "x": -18.8125,
    "y": -8.90625,
    "z": 6.78125
  },
  "id64": 5068732507561,
  "mainstar": "M",
  "name": "Ross 775"
}
