{
  "coords": {
    "x": 3.59375,
    "y": 23.5,
    "z": 7.53125
  },
  "id64": 2869977818537,
  "mainstar": "M",
  "name": "Ross 490"
}
