{
  "coords": {
    "x": 1.40625,
    "y": 16.6875,
    "z": -12.03125
  },
  "id64": 4271084931435,
  "mainstar": "G",
  "name": "Saktsak"
}
