{
  "coords": {
    "x": 7.46875,
    "y": -32.78125,
    "z": 31.78125
  },
  "id64": 40552544226152,
  "mainstar": "L (Brown dwarf) Star",
  "name": "Sandafarr"
}
