{
  "coords": {
    "x": -12.90625,
    "y": -19.09375,
    "z": 27.625
  },
  "id64": 16063848785329,
  "mainstar": "M (Red dwarf) Star",
  "name": "Sekhenses"
}
