{
  "coords": {
    "x": -14.46875,
    "y": -3.09375,
    "z": -13.65625
  },
  "id64": 18262872106401,
  "mainstar": "M",
  "name": "Struve 1321"
}
