{
  "coords": {
    "x": 5.59375,
    "y": -5.125,
    "z": 10.34375
  },
  "id64": 29258256754089,
  "mainstar": "M",
  "name": "Talta"
}
