{
  "coords": {
    "x": 7.09375,
    "y": -9.15625,
    "z": 41.125
  },
  "id64": 633608344282,
  "mainstar": "K (Yellow-Orange) Star",
  "name": "Tara"
}
