{
  "coords": {
    "x": 14.46875,
    "y": -36.78125,
    "z": 39.71875
  },
  "id64": 93329102228336,
  "mainstar": "T (Brown dwarf) Star",
  "name": "Willbow"
}
