{
  "coords": {
    "x": -0.46875,
    "y": -6.125,
    "z": -12.59375
  },
  "id64": 22959284702024,
  "mainstar": "Y",
  "name": "WISE 0410+1502"
}
