{
  "coords": {
    "x": 20.15625,
    "y": -3.46875,
    "z": -10.9375
  },
  "id64": 5369246272328,
  "mainstar": "Y",
  "name": "WISE 0713-2917"
}
