{
  "coords": {
    "x": -19.46875,
    "y": -9.59375,
    "z": -8.25
  },
  "id64": 5364951173960,
  "mainstar": "T",
  "name": "WISE J000517"
}
