{
  "coords": {
    "x": -13.40625,
    "y": 5.96875,
    "z": 24.65625
  },
  "id64": 5366025177952,
  "mainstar": "L (Brown dwarf) Star",
  "name": "WISE 1800+0134"
}
