{
  "coords": {
    "x": -21.59375,
    "y": 17.71875,
    "z": 1.75
  },
  "id64": 33656034960809,
  "mainstar": "L",
  "name": "WISE 1647+5632"
}
