{
  "coords": {
    "x": -12.40625,
    "y": 7.90625,
    "z": 10.34375
  },
  "id64": 5366025177944,
  "mainstar": "T",
  "name": "WISE 1741+2553"
}
