{
  "coords": {
    "x": 8.28125,
    "y": -8.8125,
    "z": -0.15625
  },
  "id64": 5368172399440,
  "mainstar": "Y",
  "name": "WISE 0350-5658"
}
