{
  "coords": {
    "x": -17.3125,
    "y": -21.28125,
    "z": 11.34375
  },
  "id64": 9466779018665,
  "mainstar": "M (Red dwarf) Star",
  "name": "Wolf 1329"
}
