{
  "coords": {
    "x": 7.96875,
    "y": -6.0,
    "z": -15.53125
  },
  "id64": 670954431905,
  "mainstar": "M",
  "name": "Wolf 1453"
}
