{
  "coords": {
    "x": -22.34375,
    "y": -21.78125,
    "z": 11.96875
  },
  "id64": 7267755763113,
  "mainstar": "M (Red dwarf) Star",
  "name": "Wolf 1340"
}
