{
  "coords": {
    "x": 3.875,
    "y": 6.46875,
    "z": -1.90625
  },
  "id64": 24860210308521,
  "mainstar": "M",
  "name": "Wolf 359"
}
