{
  "coords": {
    "x": 21.59375,
    "y": -9.78125,
    "z": 37.5625
  },
  "id64": 1733187080922,
  "mainstar": "K",
  "name": "Yinsi"
}
